pid, ppid
[3458,13306]
[4504,3458]
[4514,3458]
[4500,3458]
[4518,4504]
[4511,4500]
[4513,4495]
[4495,1]
[4494,1]
[4508,4497]
[4497,1]
[4509,4494]
[4516,4494]
[4528,1]
[4507,1]
[4501,1]
[4502,4494]
[4539,1]
[4537,1]
[4536,1]
[4510,4499]
[4519,4502]
[4499,4493]
[4515,4498]
[4517,4493]
[4547,4499]
[4493,1]
[4567,4547]
[4498,1]
[4496,4493]
[4506,4496]
[4512,4496]
[4526,1]
[4560,1]
[4574,4506]
[4530,1]
[4558,1]
[4563,1]
[4531,1]
[4503,1]
[4568,1]
[4533,1]
[4527,1]
[4538,1]
[4544,1]
[4532,1]
[4572,1]
[4535,1]
[4569,1]
[4551,1]
[4591,4523]
[4555,1]
[4578,1]
[4520,1]
[4593,4555]
[4540,1]
[4577,4550]
[4545,1]
[4543,1]
[4583,1]
[4582,4524]
[4573,1]
[4542,1]
[4564,1]
[4550,1]
[4529,1]
[4592,1]
[4548,1]
[4554,1]
[4589,1]
[4562,1]
[4565,1]
[4534,1]
[4587,4529]
[4566,1]
[4541,1]
[4585,1]
[4570,1]
[4597,4529]
[4600,4562]
[4556,1]
[4586,1]
[4601,4587]
[4557,1]
[4580,1]
[4602,4566]
[4579,1]
[4595,1]
[4522,1]
[4559,1]
[4594,1]
[4599,1]
[4581,1]
[4606,4522]
[4561,1]
[4607,4556]
[4584,1]
[4524,1]
[4575,1]
[4605,1]
[4613,4575]
[4611,4584]
[4546,1]
[4523,1]
[4552,1]
[4590,1]
[4609,1]
[4576,1]
[4596,1]
[4615,4576]
[4603,1]
[4553,1]
[4617,4552]
[4549,1]
[4608,1]
[4618,4549]
[4616,4598]
[4610,4598]
[4612,4521]
[4619,4612]
[4621,4588]
[4521,1]
[4598,1]
[4588,1]
[4622,4521]
[4614,1]
[4623,4614]
[4620,1]
